,Arts & Entertainment,College & University,Food,Nightlife Spot,Outdoors & Recreation,Professional & Other Places,Residence,Shop & Service,Travel & Transport
1,6,0,57,21,3,4,0,9,5
2,0,1,44,6,17,6,6,47,24
3,9,0,44,11,11,12,3,9,17
4,14,6,14,3,1,67,0,61,3
5,0,0,5,3,3,11,11,53,25
6,0,2,22,0,18,24,30,5,156
7,19,2,129,9,10,32,0,72,9
8,2,0,18,3,7,4,0,81,8
9,7,2,75,13,16,24,4,16,8
10,4,0,73,15,14,10,24,27,6
11,3,19,30,1,5,9,0,19,38
12,4,0,147,1,29,7,0,125,43
13,0,150,1,4,3,2,25,4,3
14,4,1,94,2,220,7,0,25,3
15,9,1,94,21,15,23,12,45,11
16,1,7,62,0,0,25,7,14,2
17,29,5,31,18,7,45,0,12,13
18,12,5,17,25,6,10,0,11,11
19,13,0,71,9,60,78,44,97,13
20,10,5,77,26,25,18,23,21,4
21,1,0,43,0,1,2,0,94,3
22,14,9,48,7,12,10,0,13,0
23,11,3,32,5,28,44,23,42,29
24,1,0,0,0,56,30,1,24,0
25,5,5,77,13,107,12,9,99,16
26,6,4,23,7,9,55,17,31,8
27,2,4,23,40,4,4,46,14,7
28,8,18,24,3,20,15,1,22,26
29,15,27,41,11,18,33,0,19,5
30,7,2,32,28,16,9,23,42,1
31,1,10,46,1,1,8,0,36,3
32,0,0,63,3,1,10,0,17,1
33,2,0,18,31,4,4,78,3,5
34,10,47,85,12,14,69,152,82,8
35,5,0,7,17,0,1,54,19,10
36,3,1,38,34,2,13,9,34,16
37,16,1,43,4,34,18,0,42,16
38,5,6,19,7,14,10,10,20,11
39,5,2,35,27,5,39,0,26,5
40,2,17,41,0,9,22,0,64,0
41,3,2,20,5,5,18,36,27,9
42,3,1,6,1,2,8,0,9,89
43,1,5,47,0,47,23,1,26,127
44,4,1,14,3,6,20,13,38,2
45,3,0,21,0,4,12,8,69,9
46,2,0,22,12,7,50,0,62,0
47,7,1,26,24,5,10,2,19,8
48,11,0,24,46,6,3,0,10,8
49,3,0,31,5,0,84,0,4,103
50,7,1,40,15,20,111,7,56,39
51,17,0,37,37,4,46,6,10,7
52,6,9,29,7,11,26,1,12,12
53,0,0,5,1,1,0,68,67,1
54,6,1,43,3,3,49,0,4,2
55,4,2,43,11,6,2,0,26,4
56,17,0,75,39,42,26,17,64,22
57,3,0,20,14,0,65,0,31,3
58,6,28,26,2,7,0,6,26,5
59,0,2,22,0,18,43,11,25,15
60,1,7,11,0,4,70,31,9,2
61,5,7,19,2,20,26,1,33,8
62,7,6,41,17,3,3,0,12,19
63,2,1,27,17,9,9,0,42,1
64,24,12,35,12,10,7,2,35,2
65,9,11,106,16,27,3,153,47,16
66,5,1,30,15,11,17,0,16,24
67,5,21,46,0,10,54,0,8,25
68,0,0,32,7,15,3,2,38,44
69,7,1,16,3,46,3,116,26,186
70,2,0,51,3,82,15,15,28,352
71,2,16,40,10,5,4,1,19,56
72,0,1,17,1,2,6,0,92,1
73,5,3,38,5,10,54,52,27,37
74,18,42,26,1,23,32,16,10,9
75,2,0,2,8,42,72,0,0,1
76,11,0,22,21,3,2,16,8,32
77,4,1,13,10,18,8,24,66,5
78,10,0,29,25,3,8,0,27,9
79,45,2,11,12,4,8,0,39,5
80,0,10,113,2,39,25,1,73,41
81,2,3,100,6,38,8,0,115,208
82,9,36,61,1,24,16,130,91,10
83,3,4,14,9,1,96,1,31,7
84,36,28,274,181,78,350,123,178,120
85,10,12,40,4,4,17,0,54,0
86,11,18,17,2,10,8,13,12,11
87,4,1,43,23,7,37,4,8,4
88,7,1,51,95,12,16,1,2,55
89,13,4,80,15,2,8,1,21,0
90,7,0,189,76,5,51,1,113,10
91,3,1,88,3,76,67,11,96,6
92,12,23,19,2,17,6,1,15,4
93,4,3,79,7,4,93,5,40,35
94,1,7,61,0,4,90,3,21,20
95,3,15,55,7,40,151,146,28,260
96,32,1,70,4,83,20,1,5,4
97,9,2,55,1,5,41,1,11,14
98,3,1,42,11,10,26,0,31,10
99,9,7,69,24,34,201,66,67,17
100,8,41,49,1,103,11,0,28,15
101,1,1,40,7,11,29,0,5,7
102,3,0,52,6,5,12,0,33,2
103,12,4,30,11,2,11,0,37,3
104,1,0,25,3,25,23,15,8,2
105,2,22,29,7,3,4,48,44,3
106,58,6,65,20,8,88,43,61,38
107,8,18,76,16,3,7,0,25,3
108,6,3,46,42,3,4,8,33,0
109,5,0,33,12,1,23,0,37,0
110,6,1,62,19,0,46,0,19,3
111,1,0,20,32,10,4,15,49,7
112,7,1,43,66,5,1,5,3,2
113,3,2,62,1,6,11,0,25,14
114,3,5,60,17,5,11,1,37,8
115,23,4,33,55,6,5,0,21,7
116,0,0,33,3,1,37,11,25,2
117,9,18,24,12,7,2,0,7,37
118,1,17,24,1,27,7,18,38,2
119,6,19,137,20,41,52,14,48,15
120,9,3,58,10,23,96,76,60,233
121,1,3,53,3,110,75,88,41,65
122,25,3,43,12,0,3,0,14,8
123,1,0,22,11,14,14,1,14,43
124,4,0,61,20,3,115,0,6,8
125,5,1,8,0,9,51,0,6,39
126,3,58,7,16,0,9,0,39,3
127,6,0,39,3,1,22,1,16,22
128,0,0,25,11,1,28,0,10,17
129,4,2,42,61,11,58,2,14,13
130,13,0,24,0,101,3,0,15,7
131,9,2,29,54,3,5,3,8,2
132,5,1,82,0,0,107,1,33,2
133,3,0,56,2,2,6,0,31,5
134,15,0,42,10,9,8,0,23,3
135,14,0,63,12,5,6,2,9,6
136,1,1,104,4,3,3,9,17,4
137,1,14,48,3,5,33,0,4,42
138,13,2,21,22,168,52,74,123,122
139,4,5,20,1,13,8,20,37,18
140,9,8,27,12,9,5,2,17,5
141,0,0,33,7,3,41,1,4,13
142,4,0,8,57,4,16,5,5,2
143,7,42,28,4,2,17,17,24,24
144,1,70,25,2,1,12,57,20,44
145,8,1,34,10,3,17,14,86,12
146,0,0,24,1,12,25,1,25,22
147,6,1,33,1,2,29,0,28,6
148,10,0,43,33,11,1,3,10,10
149,10,3,95,2,5,6,5,74,6
150,107,34,52,3,62,17,0,33,21
151,3,2,57,10,3,12,0,20,9
152,17,2,53,41,0,29,0,6,5
153,9,21,104,36,33,45,2,29,21
154,4,4,39,8,36,16,55,67,13
155,5,0,51,13,4,52,18,12,16
156,12,3,14,2,16,10,30,38,8
157,4,3,25,11,13,17,0,17,13
158,5,1,30,3,2,33,1,17,13
159,2,2,30,4,13,77,1,10,8
160,11,2,54,7,23,13,0,16,1
161,21,3,33,21,7,8,0,3,2
162,4,0,41,10,15,32,0,11,14
163,7,1,52,27,5,13,4,1,3
164,29,5,84,41,2,36,0,75,10
165,3,6,29,3,3,4,0,63,0
166,3,1,35,82,1,1,0,21,3
167,4,1,19,11,1,50,0,6,13
168,2,2,23,3,13,12,19,34,9
169,4,6,40,37,7,48,2,19,11
170,1,1,52,2,6,53,1,12,10
171,3,7,73,40,8,9,2,94,19
172,0,0,57,11,5,16,19,99,101
173,5,3,35,2,9,35,54,32,58
174,0,22,40,0,1,4,2,59,0
175,5,10,45,7,9,3,1,53,5
176,18,3,40,23,13,38,0,29,12
177,6,1,39,34,2,5,0,5,10
178,7,1,260,5,80,23,14,216,139
179,2,1,44,1,5,111,43,50,9
180,2,4,23,2,21,13,4,149,3
181,2,1,31,17,28,4,0,2,338
182,112,1,46,34,52,9,0,11,5
183,4,0,28,1,6,1,4,83,2
184,29,1,78,13,23,12,74,50,43
185,117,0,287,378,164,393,55,137,538
186,24,12,45,10,5,48,14,58,2
187,3,4,98,7,97,106,7,54,235
188,3,0,20,5,15,41,34,20,141
189,3,37,65,3,1,9,6,78,2
190,4,0,13,8,10,31,13,16,3
191,1,2,64,1,1,41,22,26,38
192,6,0,58,20,0,3,0,3,3
193,9,16,55,11,25,45,23,49,20
194,2,10,24,6,16,3,7,26,9
195,16,17,21,46,2,11,10,10,11
196,9,3,25,5,10,26,1,20,28
197,19,3,42,11,18,8,1,17,10
198,10,0,10,14,1,12,1,66,9
199,1,0,53,7,114,7,7,20,50
200,1,2,35,6,2,19,15,13,16
201,5,3,50,7,4,30,13,48,6
202,9,38,109,8,7,19,0,40,7
203,0,2,20,7,2,4,5,89,5
204,3,16,39,0,4,15,0,45,5
205,1,0,13,10,5,68,78,24,16
206,5,3,42,55,3,40,0,11,10
207,0,1,4,10,1,178,91,11,1
208,2,1,127,48,5,17,7,57,11
209,4,2,33,2,38,37,24,32,4
210,7,23,45,23,20,4,1,29,2
211,3,3,29,3,9,8,54,34,11
212,3,5,77,3,3,41,2,13,17
213,1,8,5,0,0,93,2,2,3
214,4,7,94,21,10,10,2,24,2
215,1,2,68,14,9,67,2,49,29
216,8,7,72,11,10,10,30,19,18
217,4,0,54,0,4,68,9,18,74
218,19,3,53,40,7,2,0,16,0
219,9,9,11,6,7,13,0,29,8
220,9,5,38,16,7,33,0,14,13
221,0,2,32,4,1,43,1,25,24
222,1,1,82,5,17,3,0,58,5
223,4,2,24,4,5,32,1,17,12
224,0,0,38,1,0,17,0,41,5
225,3,10,79,2,14,3,20,36,6
226,15,18,46,7,2,2,4,1,6
227,3,15,39,8,3,20,1,5,7
228,8,1,29,3,5,44,21,14,2
229,3,1,55,28,0,0,33,67,12
230,68,0,9,22,2,0,46,1,6
231,3,41,26,3,10,25,10,19,5
232,4,1,71,9,3,2,0,11,6
233,6,1,21,72,5,3,2,8,17
234,1,0,15,19,24,40,0,24,5
235,41,1,29,9,58,7,1,34,5
236,4,10,43,11,10,19,55,63,26
237,3,1,11,2,3,0,61,15,9
238,5,5,22,5,51,28,64,18,30
239,2,0,14,2,5,42,1,19,33
240,7,8,27,7,7,26,0,13,0
241,60,9,12,13,1,0,0,5,10
242,2,1,95,7,2,19,0,57,19
243,2,0,40,2,46,48,4,23,8
244,6,3,85,45,9,4,4,33,8
245,1,0,42,39,1,2,7,61,3
246,6,16,58,41,17,44,12,178,17
247,5,6,30,7,9,22,2,13,5
248,5,1,28,28,6,2,1,14,23
249,6,4,37,20,13,12,1,81,13
250,6,0,16,8,114,16,0,5,2
251,4,0,25,19,0,1,0,67,6
252,12,0,18,46,4,1,1,34,4
253,6,0,24,23,13,3,0,55,13
254,3,0,50,1,9,25,22,55,173
255,25,2,36,48,14,5,6,18,8
256,5,2,31,10,0,28,18,1,24
257,4,1,33,6,5,7,9,28,7
258,0,0,14,6,5,0,41,30,5
259,6,6,13,7,9,2,55,56,4
260,4,3,36,12,5,43,0,26,17
261,0,0,20,0,5,28,43,1,84
262,1,3,54,1,80,81,25,94,71
263,6,1,10,24,4,36,0,26,3
264,2,16,27,1,26,10,0,9,11
265,14,4,28,6,5,6,1,41,1
266,2,2,16,22,16,10,0,9,42
267,19,4,41,1,162,22,8,109,162
268,4,2,26,11,28,2,5,20,2
269,15,2,33,2,4,46,5,20,9
270,4,6,21,18,2,6,31,56,9
271,6,26,14,0,59,16,4,36,11
272,1,45,36,23,14,3,2,15,18
273,28,10,37,39,7,1,0,5,4
274,11,1,36,29,5,0,0,18,7
275,3,1,24,27,3,30,6,53,3
276,0,0,91,13,6,33,0,17,13
277,3,1,64,1,2,67,0,84,6
278,0,1,25,0,18,14,56,7,151
279,3,2,39,43,3,5,0,13,4
280,5,27,282,42,13,41,11,98,19
281,2,47,63,1,9,32,8,150,6
282,8,1,36,29,0,76,0,11,12
283,7,2,44,23,6,25,7,22,19
284,5,4,30,27,2,6,4,22,6
285,5,29,7,1,21,12,2,7,21
286,2,4,43,16,4,29,0,19,6
287,1,1,17,1,0,3,54,35,49
288,3,1,78,0,5,81,0,11,82
289,2,5,64,22,16,11,59,26,76
290,3,2,54,27,2,2,0,50,3
291,7,11,30,19,55,8,8,11,26
292,9,4,9,0,2,30,9,8,35
293,82,2,537,4,408,69,395,365,834
294,7,3,33,2,3,4,4,60,0
295,10,0,112,69,11,74,1,49,18
296,9,7,73,34,9,52,2,6,12
297,1,1,44,19,2,1,0,40,9
298,5,6,29,8,6,4,0,54,3
299,0,2,29,8,7,28,24,33,7
300,4,3,18,4,75,37,14,31,7
301,5,9,29,1,26,22,0,22,7
302,5,1,62,19,62,25,0,19,2
303,2,0,60,6,9,4,0,10,9
304,3,0,73,35,8,6,1,45,11
305,3,1,19,5,1,100,3,3,5
306,3,3,65,4,36,43,30,91,38
307,1,1,16,9,6,37,0,20,9
308,2,0,31,3,3,39,1,13,14
309,11,6,20,15,4,51,5,3,4
310,3,0,27,45,7,10,42,71,13
311,16,1,40,4,16,15,86,81,10
312,25,6,56,43,5,4,8,60,10
313,4,0,43,5,100,9,4,50,2
314,0,0,8,1,9,163,3,5,0
315,8,4,804,41,92,86,34,566,46
316,0,1,20,3,1,5,35,42,5
317,4,3,48,51,4,0,15,4,1
318,1,5,8,24,8,1,32,21,24
319,4,7,30,0,119,27,41,27,211
320,4,5,31,27,5,9,0,11,3
321,2,0,34,3,6,7,2,47,6
322,1,0,26,4,43,12,7,20,23
323,1,2,92,10,10,15,0,22,13
324,17,2,24,15,9,11,0,17,3
325,1,11,7,15,0,2,0,0,87
326,0,0,21,5,0,22,3,43,18
327,7,0,35,40,11,1,0,6,26
328,2,1,55,30,14,2,0,39,3
329,9,9,39,3,9,8,1,12,16
330,10,1,96,58,4,1,0,7,1
331,6,14,58,13,9,96,1,24,97
332,11,3,14,11,27,19,0,28,11
333,1,1,3,9,2,88,0,1,3
334,6,0,34,8,56,61,0,2,4
335,2,0,36,3,70,13,95,77,128
336,16,18,32,1,26,8,0,13,2
337,11,4,46,14,9,22,22,39,15
338,10,1,8,5,29,48,0,5,4
339,2,1,37,14,6,5,0,36,2
340,25,3,63,30,10,16,0,26,36
341,4,1,18,12,12,1,12,44,14
342,2,0,16,23,15,44,6,86,2
343,3,1,81,0,20,59,1,55,91
344,4,173,87,1,60,1,35,52,121
345,6,0,59,23,11,1,1,15,0
346,3,1,30,5,14,17,0,39,18
347,7,4,40,1,53,36,1,89,6
348,4,4,14,27,3,38,10,22,14
349,24,18,476,84,97,188,62,254,153
350,1,0,28,10,17,6,19,30,27
351,3,7,97,41,9,17,2,20,16
352,3,2,19,11,7,1,42,12,5
353,3,1,53,35,8,45,10,16,14
354,14,5,215,11,293,226,21,147,1119
355,5,2,111,28,24,69,37,24,31
356,3,1,40,9,3,1,0,46,3
357,4,0,19,5,2,56,1,28,4
358,2,0,48,18,4,6,0,18,16
359,24,37,102,4,72,110,18,46,191
360,17,0,55,53,8,5,1,21,3
361,4,4,31,28,4,11,9,30,16
362,16,7,86,22,11,4,0,26,3
363,2,18,29,61,10,2,0,5,4
364,4,5,41,18,18,15,46,32,28
365,2,10,83,3,40,75,0,109,0
366,2,1,54,18,4,14,0,39,1
367,8,1,77,24,2,5,2,3,10
368,6,11,35,19,2,8,2,34,9
369,12,3,23,10,2,13,0,30,4
370,11,5,56,9,6,7,7,13,13
371,11,3,42,38,68,13,338,104,84
372,14,3,216,75,26,92,28,175,23
373,10,0,40,35,3,21,0,33,7
374,4,0,22,0,4,4,20,54,26
375,7,1,23,42,7,39,3,21,2
376,1,37,11,0,3,14,4,27,11
377,12,0,56,8,15,77,0,9,6
378,7,0,12,0,0,2,7,74,2
379,11,0,34,4,1,66,0,49,5
380,0,1,3,0,76,27,67,23,7
381,0,50,9,3,0,25,0,9,4
382,7,9,3,3,62,18,8,7,12
383,5,15,17,2,23,8,25,32,29
384,12,5,378,40,27,212,103,221,105
385,2,0,6,1,3,13,1,64,7
386,3,32,94,2,10,120,66,73,9
387,6,4,36,19,4,7,0,35,4
388,5,2,24,12,18,53,0,13,6
389,1,6,38,11,13,15,1,5,12
390,19,23,36,35,15,167,55,53,9
391,2,2,10,3,14,21,42,10,35
392,1,3,34,7,6,25,5,13,7
393,5,0,43,2,3,0,0,61,0
394,3,1,26,21,2,5,0,13,29
395,3,0,9,9,7,32,20,17,7
396,4,4,39,5,169,37,2,18,31
397,3,22,43,6,3,32,0,26,63
398,18,55,41,24,33,30,13,34,25
399,5,0,30,3,1,14,3,53,3
400,8,2,34,20,4,17,3,6,6
401,11,1,32,94,6,4,0,5,3
402,1,3,12,0,0,48,0,11,88
403,1,0,41,7,6,18,2,25,12
404,9,3,4,3,19,27,157,20,77
405,7,1,49,25,4,6,4,22,17
406,8,15,24,40,11,5,1,28,3
407,7,0,53,22,10,4,6,14,17
408,0,1,62,7,1,38,3,7,51
409,10,1,37,7,4,26,2,49,4
410,3,1,62,17,3,0,0,15,3
411,7,12,39,9,6,12,2,11,34
412,5,1,67,6,7,16,0,31,49
413,9,5,71,70,5,1,1,11,2
414,28,2,16,28,4,6,0,17,9
415,8,1,48,42,12,0,0,24,2
416,15,3,57,33,3,7,5,8,3
417,12,3,44,54,5,5,1,65,23
418,7,0,47,26,5,6,3,4,1
419,5,7,5,4,7,95,2,21,23
420,10,0,33,15,1,29,0,16,2
421,6,3,28,38,3,7,0,10,5
422,16,34,61,1,257,62,88,47,147
423,9,3,39,9,10,29,2,10,10
424,7,1,54,19,9,14,2,15,16
425,181,0,31,11,0,14,0,103,0
426,1,1,31,6,13,4,28,13,3
427,8,0,68,37,2,19,0,21,2
428,3,4,26,15,5,60,30,18,15
429,3,59,19,0,3,5,57,5,23
430,1,4,35,7,2,3,35,49,18
431,8,2,70,31,4,23,4,45,13
432,1,219,8,0,12,3,118,12,38
433,4,3,26,4,11,29,5,16,33
434,0,16,34,9,3,13,2,30,27
435,6,6,23,3,24,14,1,19,102
436,2,5,42,13,2,0,1,35,3
437,3,0,60,20,2,3,0,19,1
438,1,0,116,3,17,97,1,18,17
439,10,2,82,0,54,36,210,150,63
440,10,1,52,47,9,93,99,106,276
441,7,3,19,3,65,2,0,3,66
442,2,7,12,45,6,11,5,18,8
443,12,4,93,117,58,223,11,39,166
444,10,28,37,2,7,29,98,40,59
445,146,40,331,6,22,27,33,150,193
446,13,0,4,2,9,40,0,13,39
447,1,0,39,1,4,10,0,39,55
448,2,28,79,3,37,43,53,116,247
449,7,10,34,4,17,15,0,19,3
450,17,8,51,9,3,13,7,34,34
451,0,0,19,1,21,4,16,13,23
452,1,0,33,0,1,19,2,62,9
453,0,53,6,1,0,4,0,7,40
454,9,4,34,15,19,5,2,52,20
455,8,2,37,30,1,4,1,10,15
456,3,0,58,16,2,29,0,56,22
457,2,2,10,56,1,11,0,32,7
458,6,38,116,21,164,79,63,157,243
459,5,82,11,0,22,17,2,9,3
460,3,4,48,24,12,17,11,19,12
461,7,2,104,24,5,20,87,85,21
462,5,2,56,13,1,6,1,23,4
463,2,2,30,47,7,20,39,1,11
464,3,6,67,10,21,25,1,28,4
465,2,0,69,16,6,38,0,65,13
466,5,1,41,9,1,3,0,30,9
467,1,0,11,0,12,13,16,11,50
468,3,31,41,65,33,8,11,64,15
469,4,9,37,6,8,3,2,11,23
470,4,16,83,0,0,5,0,83,1
471,5,0,30,3,96,43,4,53,8
472,8,2,55,3,20,81,141,39,125
473,5,47,14,5,0,3,0,3,41
474,12,1,39,9,54,13,71,45,142
475,11,0,75,20,27,50,0,50,7
476,15,1,18,44,14,9,2,25,16
477,1,0,59,2,7,0,0,49,0
478,4,1,25,1,38,40,0,51,10
479,2,27,34,28,12,18,13,21,20
480,11,1,58,22,67,56,10,22,19
481,3,2,37,3,51,113,42,64,16
482,26,27,58,7,14,41,0,17,25
483,4,0,9,3,5,14,30,7,32
484,4,1,73,9,35,33,88,103,371
485,2,0,18,10,17,33,27,7,6
486,7,1,22,27,1,45,0,10,4
487,1,1,20,49,13,19,17,22,19
488,1,1,82,4,67,92,9,123,86
489,2,11,9,0,46,30,2,7,10
490,3,1,59,3,6,0,0,34,3
491,10,1,48,42,1,0,3,4,0
492,22,1,76,12,13,113,0,44,128
493,31,3,33,17,27,9,68,54,23
494,2,5,4,0,18,27,0,9,52
495,4,5,54,3,38,10,56,39,138
496,1,8,21,49,11,1,0,48,3
497,5,0,44,1,20,9,0,48,21
498,8,3,42,5,17,5,43,16,94
499,11,1,23,34,3,14,6,9,4
500,2,0,35,15,5,34,0,19,20
501,7,2,52,20,6,16,0,26,4
502,1,0,25,8,4,24,0,5,62
503,9,10,52,23,6,39,0,75,1
504,2,1,83,7,1,18,0,62,4
505,2,1,13,2,14,34,14,6,52
506,38,0,47,7,55,40,1,18,5
507,2,2,23,1,39,18,38,39,48
508,1,1,8,4,7,0,62,13,3
509,5,12,34,26,16,22,34,65,15
510,4,10,59,21,30,6,1,27,22
511,1,3,16,1,67,0,0,3,40
512,0,10,22,0,3,37,104,111,28
513,4,1,32,17,22,15,0,40,1
514,2,3,18,3,50,3,0,9,49
515,55,8,45,81,32,11,1,41,12
516,5,0,40,42,3,17,35,16,5
517,21,16,56,5,17,22,3,20,29
518,13,1,74,26,2,83,106,33,10
519,4,5,89,34,70,80,71,93,36
520,4,2,19,25,14,25,26,8,2
521,7,0,83,5,263,82,12,106,230
522,1,2,23,1,8,5,0,64,3
523,3,0,37,13,6,46,1,79,7
524,8,0,43,35,4,12,1,6,1
525,2,9,27,0,13,4,95,32,0
526,1,2,67,26,7,5,17,48,14
527,13,2,139,17,177,74,112,112,275
528,34,1,43,2,39,60,38,9,2
529,9,1,126,34,71,124,106,114,14
530,2,1,36,5,2,35,5,13,4
531,0,0,39,2,0,30,201,41,3
532,6,4,18,8,4,59,0,16,2
533,3,1,103,11,0,39,35,118,9
534,22,3,15,37,2,4,20,22,5
535,4,3,40,6,10,2,0,29,5
536,1,5,51,20,2,0,0,32,55
537,1,3,29,9,15,62,16,7,10
538,1,1,31,31,9,19,1,14,9
539,7,5,105,32,6,8,74,47,16
540,5,1,3,17,9,8,177,7,5
541,1,2,36,1,0,5,0,124,2
542,2,54,23,2,3,0,24,8,2
543,2,1,16,5,4,49,6,18,5
544,2,1,36,1,2,2,0,63,5
545,0,23,58,8,37,9,7,29,21
546,6,1,48,4,13,16,60,118,8
547,0,0,23,23,15,1,12,29,1
548,11,5,74,1,4,5,0,20,2
549,6,1,30,27,3,51,18,24,2
550,2,0,40,20,9,5,0,21,8
551,21,4,27,8,14,10,2,61,6
552,7,0,25,7,5,4,8,34,61
553,14,12,161,1,18,33,0,66,11
554,2,1,24,1,20,2,20,32,56
555,3,5,50,44,5,2,10,17,6
556,4,1,13,0,6,33,3,32,21
557,0,2,10,2,6,34,0,126,3
558,14,9,24,12,16,12,1,23,13
559,3,14,29,10,27,2,22,48,7
560,4,10,38,22,30,68,23,24,35
561,2,0,17,21,5,18,0,44,5
562,4,2,11,1,57,3,0,22,29
563,16,0,39,23,2,11,0,17,2
564,0,4,16,9,2,61,0,6,2
565,8,4,48,19,21,22,0,32,9
566,8,0,61,68,1,49,0,6,4
567,1,17,0,0,0,7,12,87,0
568,4,1,30,1,17,54,13,47,36
569,8,4,40,11,5,10,7,11,25
570,19,2,31,6,6,4,0,50,11
571,2,27,77,1,124,16,0,10,14
572,4,0,128,75,15,4,0,49,14
573,0,0,12,0,0,111,10,92,0
574,28,19,22,20,3,12,0,8,2
575,2,1,62,4,2,32,0,36,0
576,3,1,6,5,6,7,57,9,12
577,3,0,47,7,15,4,18,149,13
578,6,1,69,13,3,8,3,18,3
579,3,0,29,16,2,9,0,52,41
580,2,4,45,8,10,22,1,14,0
581,12,8,15,4,24,38,2,44,53
582,9,5,75,8,122,49,145,96,67
583,2,30,27,1,2,12,21,28,9
584,0,0,4,0,0,66,14,17,69
585,63,0,64,0,25,47,25,56,26
586,1,3,63,33,15,2,2,7,12
587,9,0,12,11,5,19,1,9,39
588,5,5,46,39,1,14,0,6,5
589,0,0,97,0,33,6,83,44,13
590,3,8,29,1,11,47,0,9,4
591,2,5,66,56,2,30,0,17,3
592,1,0,15,1,0,19,28,14,41
593,5,0,72,43,2,7,53,40,272
594,12,0,34,15,2,1,0,33,34
595,2,0,55,2,47,0,28,55,72
596,4,0,31,1,3,1,103,121,89
597,0,0,35,8,12,9,1,24,24
598,11,0,28,46,3,0,0,83,6
599,8,1,45,15,0,60,1,56,2
600,15,14,35,5,12,12,1,11,15
601,1,20,32,9,14,9,1,8,5
602,3,2,13,7,9,13,28,26,3
603,2,0,34,16,1,0,0,55,6
604,7,29,19,15,4,13,8,10,3
605,1,0,7,0,0,4,0,149,0
606,9,5,27,4,3,45,0,13,4
607,3,0,30,10,7,7,3,39,8
608,4,3,22,1,5,49,0,50,13
609,16,2,39,18,12,3,17,25,55
610,3,3,36,19,4,13,3,9,5
611,11,41,22,6,1,1,0,74,3
612,2,0,44,30,11,3,10,70,34
613,2,0,13,13,7,30,1,31,4
614,4,0,48,43,2,0,0,15,9
615,14,0,44,3,86,0,2,13,2
616,11,6,56,25,10,50,29,50,19
617,7,24,58,15,21,4,114,66,56
618,25,12,80,1,24,16,0,8,7
619,1,3,19,1,45,21,39,16,46
620,5,2,38,1,50,32,21,21,5
621,9,70,68,3,77,55,99,120,39
622,1,3,15,17,1,21,18,19,7
623,3,3,88,42,8,58,0,6,37
624,6,10,64,4,4,33,0,78,42
625,8,21,23,11,8,3,1,22,8
626,2,0,14,3,3,56,38,40,90
627,1,0,10,13,17,2,5,52,10
628,2,12,153,1,0,18,65,138,3
629,10,2,70,25,10,0,0,24,5
630,2,0,31,2,23,17,0,32,16
631,0,0,16,0,2,31,0,75,0
632,1,37,23,10,6,56,0,4,17
633,7,46,36,31,20,3,10,36,3
634,4,2,40,7,7,9,0,41,30
635,18,23,16,0,105,36,71,46,147
636,4,2,37,45,10,2,3,3,10
637,8,2,33,30,11,8,10,26,5
638,4,0,73,28,9,4,0,105,151
639,19,3,59,13,11,2,0,61,6
640,7,0,97,31,6,5,0,22,8
641,14,0,33,1,13,8,5,12,97
642,1,2,112,2,14,90,28,34,15
643,8,1,25,0,13,26,136,76,3
644,0,11,40,15,6,35,0,3,12
645,6,32,54,45,11,99,1,72,11
646,11,67,115,25,11,33,68,22,16
647,4,0,10,2,116,61,1,10,88
648,4,2,17,1,6,41,24,5,2
649,23,65,75,31,14,3,2,8,5
650,13,15,35,2,1,2,0,10,35
651,4,5,33,14,2,11,29,13,7
652,3,7,87,115,6,9,80,130,7
653,4,1,49,29,0,8,1,9,1
654,11,10,75,0,2,32,25,36,2
655,0,4,18,0,11,30,1,3,57
656,3,8,10,0,4,29,28,30,13
657,9,3,31,53,15,52,70,20,23
658,5,15,12,1,3,32,12,14,57
659,6,46,52,81,11,3,4,7,19
660,55,42,35,88,21,36,29,20,13
661,1,0,12,0,7,32,114,14,5
662,1,0,181,12,8,23,28,48,8
663,6,0,10,0,5,46,16,15,16
664,13,2,25,28,28,15,66,32,205
665,93,13,84,36,78,11,0,52,5
666,12,12,60,11,2,0,0,16,2
667,0,0,3,10,13,4,66,11,101
668,5,8,29,5,13,16,0,11,12
669,6,6,76,3,0,2,0,22,3
670,1,0,13,1,3,14,65,22,16
671,4,0,8,6,46,0,1,13,20
672,7,0,27,2,1,1,25,113,3
673,1,6,24,0,24,93,123,151,5
674,7,12,47,30,1,3,1,14,7
675,9,7,96,6,1,6,0,39,2
676,8,0,76,14,9,9,0,23,8
677,8,11,32,1,9,20,44,25,3
678,0,13,13,3,1,21,40,14,1
679,4,28,6,21,4,21,18,10,0
680,3,3,49,7,1,1,0,49,4
681,5,2,32,41,5,2,0,21,5
682,10,3,66,38,36,33,83,9,15
683,5,1,14,30,7,17,2,5,19
684,6,0,31,1,7,7,0,92,9
685,9,0,32,52,1,9,1,20,11
686,9,1,43,17,0,24,0,8,10
687,11,5,35,1,14,34,32,25,70
688,3,1,78,37,0,24,0,190,21
689,67,0,88,166,0,0,0,83,372
690,0,0,61,1,0,6,0,55,4
691,14,6,28,12,59,30,2,44,53
692,9,2,60,37,3,15,7,17,5
693,0,0,43,2,30,11,10,35,3
694,2,13,8,4,17,70,0,9,7
695,6,29,44,21,1,2,6,5,3
696,4,3,27,15,4,58,0,25,11
697,8,3,27,39,12,72,1,25,4
698,34,2,19,4,9,9,1,6,11
699,3,0,25,1,58,113,3,66,28
700,21,3,40,36,1,15,0,16,4
701,3,3,49,23,2,9,1,27,21
702,3,130,41,5,31,23,90,58,199
703,6,2,43,35,6,16,5,16,14
704,5,8,34,7,21,8,6,42,40
705,13,70,13,0,9,39,11,24,2
706,53,4,261,44,9,129,1,232,69
707,0,2,75,13,13,2,0,22,6
708,7,28,37,65,35,28,36,37,22
709,7,4,24,16,57,21,0,22,14
710,6,3,18,14,5,57,0,60,2
711,3,3,42,38,4,27,23,10,3
712,2,0,47,23,55,3,0,42,16
713,3,27,102,2,4,0,0,1,1
714,0,26,33,3,3,16,0,51,0
715,3,2,81,22,0,0,0,4,20
716,6,1,28,2,14,9,36,26,8
717,0,0,10,0,1,0,0,85,5
718,1,7,3,0,16,34,29,4,163
719,2,5,58,0,9,29,2,38,54
720,6,0,23,0,7,17,7,50,1
721,24,12,36,10,20,13,0,13,10
722,5,2,30,1,9,54,64,58,185
723,70,0,67,7,53,51,1,24,8
724,1,1,7,1,6,22,18,52,17
725,3,4,43,16,7,16,0,46,3
726,14,30,136,17,24,74,13,83,29
727,4,3,42,19,9,61,2,64,14
728,9,1,63,27,5,60,0,29,5
729,1,0,8,0,0,12,1,105,1
730,28,2,29,80,96,84,103,141,83
731,27,0,46,15,4,12,0,43,1
732,1,0,34,13,1,27,11,32,6
733,14,67,70,6,5,14,13,16,25
734,37,24,56,2,159,65,205,48,144
735,3,0,13,15,73,5,31,74,2
736,7,4,67,26,22,35,3,50,31
737,5,1,48,47,1,67,1,14,12
738,12,1,43,42,1,6,5,9,8
739,0,0,34,0,1,8,59,0,58
740,0,0,27,1,7,18,22,13,12
741,1,16,10,1,16,24,26,6,8
742,58,10,34,15,176,5,252,119,159
743,1,1,18,19,3,5,29,55,9
744,8,0,94,11,17,82,0,160,56
745,10,0,117,127,19,14,8,25,51
746,20,14,55,13,5,16,0,26,38
747,6,14,20,9,6,16,1,33,7
748,6,2,27,6,51,14,5,41,6
749,6,30,13,0,3,24,26,17,17
750,13,6,91,4,101,68,82,84,89
751,7,0,54,49,3,6,0,54,3
752,2,119,16,7,3,9,44,23,7
753,0,0,18,1,23,59,39,24,116
754,2,256,34,1,0,53,130,3,32
755,5,3,83,3,2,10,55,28,0
756,1,3,52,6,2,29,0,25,4
757,4,2,16,1,76,55,0,60,7
758,3,1,18,0,21,41,5,53,12
759,16,8,37,87,3,3,0,5,2
760,0,1,43,8,4,10,0,48,11
761,1,0,22,0,37,3,54,25,68
762,9,0,30,6,47,2,5,14,38
763,2,33,58,3,44,6,37,52,78
764,5,1,38,33,2,6,0,16,4
765,2,26,5,0,31,17,27,39,3
766,2,3,97,9,3,38,2,56,127
767,4,0,60,26,14,15,28,17,98
768,25,22,155,9,229,129,78,212,208
769,2,0,11,0,3,27,62,23,31
770,0,3,9,0,10,6,36,56,32
771,8,1,33,1,0,3,0,59,0
772,12,6,49,11,11,14,0,8,11
773,9,0,90,0,188,41,22,95,60
774,1,0,5,0,30,37,0,14,15
775,3,0,16,87,13,13,17,9,0
776,0,0,55,0,7,31,0,6,53
777,4,0,75,4,4,10,0,11,4
778,2,1,69,0,0,51,0,46,6
779,1,11,14,1,8,52,23,16,2
780,3,1,59,29,9,27,34,25,6
781,5,5,48,20,35,24,7,78,48
782,3,1,21,21,6,2,51,60,7
783,6,7,49,14,3,9,0,63,11
784,8,0,76,26,26,4,48,98,11
785,20,0,14,47,10,10,5,3,3
786,5,57,21,1,32,4,0,10,5
787,3,36,53,1,16,13,87,19,52
788,41,13,8,26,3,8,2,18,1
789,0,2,13,30,3,5,19,27,9
790,4,7,22,16,26,9,2,5,9
791,4,1,27,26,0,1,0,66,3
792,6,14,79,19,9,17,2,21,3
793,0,50,30,10,1,33,21,20,5
794,6,1,41,8,11,43,18,22,2
795,4,6,29,9,13,5,15,29,32
796,3,2,46,35,30,13,19,16,3
797,1,4,25,13,15,44,21,15,8
798,1,1,75,26,25,8,0,51,41
799,7,9,21,27,1,2,1,34,5
800,76,120,2,0,6,3,0,6,5
801,1,0,25,11,11,10,5,20,18
802,4,1,21,14,0,3,24,29,21
803,1,0,35,2,1,22,1,0,6
804,17,1,37,44,9,15,0,14,16
805,10,5,63,37,3,14,0,16,15
806,9,1,101,110,5,41,25,78,14
807,0,0,14,0,1,10,27,95,0
808,1,2,14,0,55,7,17,22,23
809,11,8,51,5,5,6,0,17,6
810,0,0,20,1,0,7,0,39,0
811,3,5,43,2,4,9,2,32,7
812,18,0,38,1,19,6,1,10,22
813,0,2,30,2,2,46,6,6,79
814,11,0,49,15,7,53,36,23,18
815,3,48,31,9,6,37,7,16,24
816,4,117,101,1,20,7,117,114,7
817,14,5,39,3,26,41,27,41,3
818,7,0,46,16,3,9,0,4,1
819,2,0,48,0,91,55,97,64,201
820,8,0,223,6,23,30,4,96,52
821,4,2,21,1,0,64,0,6,4
822,3,0,32,52,2,8,0,17,1
823,6,1,64,9,10,12,0,51,5
824,8,8,52,2,3,39,11,26,3
825,0,0,3,4,3,18,76,1,11
826,7,4,83,20,3,35,1,39,5
827,14,33,35,29,296,55,20,26,9
828,2,8,28,1,1,14,35,14,1
829,0,0,25,1,13,12,20,20,21
830,59,30,9,29,0,38,3,7,10
831,5,16,15,0,33,17,1,13,0
832,2,2,20,39,6,1,0,29,6
833,5,1,63,4,15,5,8,38,3
834,3,77,22,29,15,20,126,66,37
835,5,3,36,4,14,0,0,17,24
836,4,52,69,13,3,0,4,52,0
837,9,4,80,67,14,10,7,25,2
838,3,8,7,2,22,24,0,13,85
839,0,4,41,11,5,18,12,85,3
840,0,0,39,13,12,41,0,16,17
841,11,4,49,4,20,2,1,28,5
842,10,18,54,5,13,96,119,72,8
843,1,1,51,3,1,2,121,36,0
844,7,3,9,1,25,53,36,7,26
845,0,0,37,13,35,23,21,58,11
846,1,0,30,23,15,30,26,9,14
847,0,3,11,2,0,35,1,48,7
848,5,1,23,24,0,0,0,52,3
849,5,15,32,1,66,2,1,14,15
850,22,21,44,5,20,15,0,14,4
851,8,2,82,3,2,13,1,24,42
852,1,1,25,16,2,27,0,23,5
853,0,0,17,0,13,40,0,68,51
854,6,3,14,5,5,23,53,21,5
855,1,0,45,2,0,1,7,55,2
856,14,3,71,5,4,64,11,9,12
857,7,1,52,43,7,1,63,15,86
858,9,0,37,9,1,22,0,19,2
859,0,1,8,0,0,1,6,3,120
860,6,3,39,22,1,3,0,41,6
861,4,11,28,5,5,17,43,41,13
862,1,0,18,9,6,42,0,15,95
863,0,1,43,4,2,36,6,6,1
864,3,30,20,2,8,11,44,30,16
865,17,43,93,9,9,16,1,20,34
866,4,0,18,23,6,12,33,11,6
867,4,4,33,0,12,23,1,11,24
868,16,39,68,65,11,5,2,22,2
869,1,8,40,15,0,1,0,3,36
870,4,5,8,1,22,42,22,23,16
871,2,0,64,20,9,2,75,3,0
872,9,5,227,72,51,25,33,214,35
873,0,2,57,4,8,1,3,17,2
874,0,13,32,0,0,18,20,57,3
875,6,0,25,3,0,7,9,59,1
876,2,0,11,0,5,6,56,29,12
877,5,0,35,1,4,31,60,16,10
878,8,3,31,47,2,8,4,53,7
879,5,0,43,12,12,47,3,19,12
880,44,14,110,5,15,39,82,96,26
881,6,0,151,123,2,2,134,101,53
882,25,19,36,14,27,6,1,85,1
883,1,3,23,2,7,39,15,13,7
884,11,0,37,10,3,32,0,4,3
885,2,25,204,3,25,122,59,31,266
886,3,1,61,13,4,0,11,23,8
887,6,0,33,61,4,10,0,12,7
888,10,10,106,33,10,8,0,41,6
889,1,148,18,1,172,2,1,49,43
890,3,3,28,27,18,49,0,11,5
891,10,5,21,8,11,80,164,22,2
892,2,2,23,9,24,33,0,12,13
893,1,1,30,8,0,7,0,46,9
894,1,13,43,15,33,9,18,41,26
895,1,0,106,0,194,1,64,15,0
896,0,0,8,0,16,41,20,8,8
897,5,0,34,30,3,12,0,14,8
898,5,3,37,38,6,1,5,13,1
899,0,0,6,0,8,0,0,101,1
900,2,1,164,14,11,86,0,63,87
901,8,10,35,58,69,71,83,30,153
902,5,0,11,6,2,10,48,222,103
903,5,0,22,4,4,39,6,13,4
904,6,1,10,18,21,37,2,50,47
905,12,14,63,23,5,4,0,53,17
906,7,0,48,12,6,28,0,13,4
907,1,1,47,2,0,0,33,23,2
908,5,2,23,21,19,29,12,49,43
909,0,4,46,10,15,8,1,79,1
910,0,0,37,1,39,5,0,31,3
911,2,1,1,0,18,1,9,46,161
912,5,1,34,111,25,11,8,16,4
913,2,0,67,4,6,24,0,49,75
914,0,0,34,2,15,38,46,28,1
915,0,0,25,1,12,13,0,3,187
916,2,25,17,0,36,6,35,33,186
917,6,2,63,3,8,23,0,33,1
918,6,28,78,0,7,6,0,50,0
919,0,0,1,0,0,131,0,0,0
920,0,0,10,1,5,8,22,25,145
921,9,1,28,2,46,24,18,16,27
922,25,10,160,32,42,4,1,41,46
923,7,0,12,0,8,5,36,15,24
924,2,0,23,1,0,44,16,19,43
925,2,1,7,40,0,26,0,57,4
926,0,2,79,15,0,0,3,26,2
927,11,1,38,38,13,4,2,21,4
928,6,17,54,8,32,64,124,52,130
929,4,3,57,32,0,45,1,22,26
930,1,2,22,0,5,23,42,40,30
931,0,1,46,5,14,24,0,3,23
932,9,1,26,0,5,10,63,104,22
933,16,3,25,12,16,10,0,14,5
934,4,2,177,36,61,5,46,104,55
935,1,9,24,9,9,8,21,41,9
936,15,25,25,0,56,51,36,57,51
937,4,1,44,37,7,7,3,13,3
938,8,11,35,1,24,6,0,55,2
939,4,1,82,26,4,1,0,51,5
940,7,0,62,27,11,0,2,19,0
941,4,0,14,0,11,82,1,44,0
942,5,2,52,31,2,0,0,3,3
943,14,2,90,90,47,162,186,88,105
944,6,4,32,1,7,18,0,35,2
945,14,1,24,0,42,31,32,20,16
946,1,3,16,5,11,15,51,6,65
947,2,0,19,39,2,0,22,10,15
948,4,0,29,48,4,1,18,12,9
949,7,12,36,7,5,2,2,33,7
950,2,1,28,3,24,14,10,38,13
951,13,2,109,15,7,131,99,85,221
952,8,44,35,1,14,14,23,8,2
953,12,5,88,11,15,76,2,7,8
954,10,7,73,6,14,21,14,46,6
955,2,1,19,0,4,1,0,70,7
956,2,0,56,9,14,4,0,51,3
957,7,2,28,21,10,8,14,64,11
958,1,0,13,1,6,79,53,20,30
959,0,0,1,0,47,27,0,2,36
960,3,3,39,18,21,14,0,16,3
961,0,1,41,1,3,36,3,15,0
962,6,0,75,0,33,43,0,31,5
963,0,2,29,6,4,35,0,30,14
964,3,8,38,5,5,0,70,65,7
965,0,0,73,1,1,0,26,13,103
966,55,1,59,2,0,2,0,10,5
967,7,3,63,10,0,13,0,43,18
968,3,0,55,1,2,57,10,4,13
969,15,1,24,5,102,3,7,65,11
970,17,14,29,29,12,1,0,49,11
971,0,0,20,3,6,20,55,17,5
972,9,2,15,0,25,25,0,19,5
973,2,0,73,11,5,2,5,21,9
974,75,4,3,25,403,25,9,42,491
975,4,3,25,26,4,19,5,14,6
976,8,3,35,3,63,51,76,83,303
977,15,3,74,1,9,7,2,21,8
978,21,0,17,42,1,7,3,2,3
979,1,0,13,0,152,10,0,2,1
980,19,0,62,18,1,8,1,88,31
981,14,3,41,31,6,6,0,10,4
982,2,2,65,3,2,21,0,14,9
983,6,67,17,60,8,13,0,38,0
984,0,0,3,0,0,0,0,101,1
985,9,5,55,22,5,7,4,32,4
986,6,0,33,1,2,13,3,31,15
987,3,0,45,7,10,7,15,37,45
988,1,0,45,4,41,35,45,42,69
989,9,1,24,7,1,53,9,54,9
990,0,1,3,0,0,9,0,0,505
991,8,2,27,5,14,14,0,38,31
992,15,7,176,3,7,60,25,101,41
993,8,8,22,3,25,25,73,25,12
994,4,1,41,31,4,22,0,11,10
995,0,0,36,15,3,78,8,25,7
996,4,0,47,7,1,12,25,3,1
997,2,11,16,27,24,26,0,4,62
998,0,0,20,14,45,2,17,12,10
999,2,1,80,53,10,12,0,26,3
1000,3,8,0,0,6,0,0,0,160
1001,18,5,45,13,9,7,0,84,13
1002,1,0,41,3,5,27,16,24,4
1003,8,1,49,2,22,2,12,55,1
1004,2,0,9,1,11,23,30,18,22
1005,4,2,59,7,4,6,0,40,13
1006,0,0,79,0,58,87,102,13,4
1007,6,0,22,57,2,3,0,31,1
1008,4,1,23,1,7,10,17,24,28
1009,38,33,6,7,12,19,0,39,22
1010,0,3,29,2,8,36,32,25,0
1011,0,0,21,2,0,30,0,32,0
1012,12,12,32,9,44,15,38,63,46
1013,4,11,18,16,65,2,3,15,6
1014,10,0,43,21,16,4,2,63,2
1015,33,14,32,13,8,36,2,17,7
1016,5,2,44,2,14,53,143,52,9
1017,47,5,45,3,148,19,52,147,136
1018,15,1,39,1,7,26,2,11,24
1019,7,3,127,18,13,31,19,39,17
1020,4,16,13,1,8,4,32,37,28
1021,6,0,14,10,39,23,0,11,13
1022,17,10,8,6,12,27,2,12,7
1023,9,4,41,9,14,26,0,7,7
1024,4,1,18,8,8,10,20,15,31
1025,3,0,20,1,63,48,50,23,12
1026,1,0,30,2,16,0,0,41,28
1027,9,1,49,4,5,11,0,40,11
1028,7,5,31,8,7,20,8,34,21
1029,4,1,12,213,2,9,69,4,0
1030,5,1,16,9,8,0,11,53,3
1031,9,0,142,15,11,2,0,4,6
1032,4,0,7,0,0,17,56,18,1
1033,4,1,14,3,2,18,47,18,21
1034,16,13,20,8,11,16,0,21,1
1035,13,8,31,12,12,11,1,31,4
1036,2,2,51,0,2,19,2,22,4
1037,2,2,9,0,13,3,0,2,79
1038,6,3,72,3,8,14,4,27,5
1039,8,0,64,15,10,13,0,40,10
1040,15,1,64,93,9,55,32,56,13
1041,11,8,12,10,8,27,0,12,18
1042,14,6,36,21,12,70,1,12,6
1043,5,0,37,0,1,24,10,55,1
1044,1,6,19,10,13,46,4,64,213
1045,7,1,26,28,25,109,0,19,12
1046,10,7,20,1,4,34,26,35,1
1047,16,8,112,2,105,10,55,128,83
1048,1,0,138,18,0,0,0,8,0
1049,12,1,86,22,8,5,0,23,6
1050,1,0,10,1,23,9,29,29,16
1051,12,1,35,7,14,51,1,42,16
1052,7,0,17,1,14,4,1,16,41
1053,5,3,45,24,10,36,0,50,7
1054,30,12,52,24,68,76,190,68,49
1055,13,15,31,2,42,22,13,94,16
1056,4,3,36,2,9,11,2,29,16
1057,1,1,29,5,1,2,50,41,57
1058,2,0,28,3,8,37,4,13,98
1059,13,2,46,20,2,21,0,45,5
1060,0,1,1,2,0,35,1,6,75
1061,3,24,39,7,11,1,0,10,18
1062,2,0,34,0,24,24,14,17,56
1063,1,0,26,0,2,19,4,61,0
1064,9,2,53,9,9,9,0,12,13
1065,2,1,43,2,12,18,2,16,7
1066,6,3,22,3,1,30,2,16,15
1067,8,3,27,5,5,4,0,34,13
1068,4,0,66,23,55,8,1,115,1
1069,18,8,15,13,18,20,13,10,10
1070,3,48,42,4,111,3,0,46,3
1071,2,2,16,3,10,2,3,61,1
1072,5,5,23,29,14,3,2,16,9
1073,5,0,63,9,1,5,0,11,0
1074,3,0,16,2,2,69,3,25,97
1075,7,3,34,16,3,29,1,23,2
1076,1,0,56,13,1,3,0,90,1
1077,8,16,30,8,9,6,12,20,20
1078,0,0,34,0,0,43,75,2,1
1079,0,2,35,20,1,31,29,13,5
1080,4,3,44,19,2,17,22,9,6
1081,2,4,22,3,5,3,38,17,6
1082,0,0,22,11,5,33,36,5,146
1083,3,1,58,46,5,82,1,27,48
